Array Size,Time
10,5.8e-06
50,2.77e-05
100,3.55e-05
500,0.0001915
1000,0.000449
5000,0.0019154
10000,0.0037082
50000,0.0123092
100000,0.0231009
500000,0.20327
1000000,0.378153
