Array Size,Time
10,0.0007304
50,0.0006586
100,0.0005985
500,0.0006558
1000,0.0005979
5000,0.0007691
10000,0.0010317
50000,0.0023991
100000,0.0027018
500000,0.0191668
1000000,0.0316859
