Array Size,Time
10,1.5e-06
50,4.9e-06
100,1.08e-05
500,6.87e-05
1000,0.0001516
5000,0.0011581
10000,0.0026857
50000,0.0135605
100000,0.0317699
500000,0.209485
1000000,0.432774
