Array Size,Time
10,1e-06
50,5.2e-06
100,1.4e-05
500,7.45e-05
1000,0.0001548
5000,0.0012211
10000,0.0025368
50000,0.0131038
100000,0.034165
500000,0.190969
1000000,0.535029
