Array Size,Time
10,7e-07
50,3.8e-06
100,1.11e-05
500,0.0002633
1000,0.0011054
5000,0.0294037
10000,0.10829
50000,2.86131
100000,11.8708
500000,280.973
1000000,1166.35
