Array Size,Time
10,1e-06
50,4e-06
100,1.19e-05
500,0.0002582
1000,0.0011008
5000,0.0294934
10000,0.105261
50000,2.69308
100000,11.3456
