Array Size,Time
10,6e-07
50,3.4e-06
100,1.04e-05
500,0.0002438
1000,0.0009724
5000,0.0256026
10000,0.102532
50000,2.7639
100000,11.4212
