Array Size,Time
10,8e-07
50,9.7e-06
100,1.68e-05
500,0.0003592
1000,0.0014753
5000,0.0424285
10000,0.14983
50000,3.9701
100000,15.265
500000,537.508
