Array Size,Time
10,3.12e-05
50,0.000105
100,0.000447
500,0.0006385
1000,0.001128
5000,0.0131542
10000,0.0271835
50000,0.138184
100000,0.235511
500000,0.755737
1000000,1.47606
