Array Size,Time
10,3.9e-06
50,2.31e-05
100,3.07e-05
500,0.0001592
1000,0.0003304
5000,0.0023419
10000,0.0059313
50000,0.0288631
100000,0.0758588
500000,0.288548
1000000,0.503141
