Array Size,Time
10,3.6e-06
50,1.87e-05
100,3.23e-05
500,0.0001868
1000,0.0003567
5000,0.0019849
10000,0.0041663
50000,0.0217489
100000,0.0444261
500000,0.237358
1000000,0.489036
