Array Size,Time
10,6e-07
50,3.2e-06
100,6.8e-06
500,4.23e-05
1000,8.98e-05
5000,0.0005974
10000,0.001473
50000,0.0076213
100000,0.0169612
500000,0.103815
1000000,0.201932
