Array Size,Time
10,1.06e-05
50,1.74e-05
100,3.15e-05
500,0.0001228
1000,0.0002607
5000,0.0016778
10000,0.0022164
50000,0.0091602
100000,0.0171956
500000,0.0679193
1000000,0.134309
