Load Factor,Average Probes
0.5,1.38739
0.6,1.52581
0.7,1.71633
0.8,2.01123
0.9,2.55558
