Load Factor,Average Probes
0.5,1.5043
0.6,1.74805
0.7,2.16477
0.8,3.01077
0.9,5.47329
