Load Factor,Average Probes
0.5,1.43221
0.6,1.59212
0.7,1.81656
0.8,2.16633
0.9,2.81378
