Load Factor,Average Probes
0.5,1.43381
0.6,1.60139
0.7,1.84179
0.8,2.19724
0.9,2.87276
